category,product_url,affiliate_url,name,price,sold,thumbnail
"Nhà Sách Online","https://shopee.vn/product/1087367745/19894993953","https://s.shopee.vn/3g4DfdYK0m","Sách - Siêu nhí Biết tuốt! -101 những bí ẩn kích thích tò mò của các bạn nhỏ - NXB Hà Nội","84530.00","10000","https://down-vn.img.susercontent.com/file/sg-11134201-7rbkn-lnmzpjtj9wh23e"
"Nhà Sách Online","https://shopee.vn/S%C3%A1ch-Stop-Overthinking-S%E1%BB%91ng-T%E1%BB%B1-Do-Kh%C3%B4ng-%C3%82u-Lo-S%C3%A1ch-Ch%E1%BB%AFa-L%C3%A0nh-YMATE-i.1133544765.25122521912","https://s.shopee.vn/1BML67uSBk","Sách Stop Overthinking - Sống Tự Do, Không Âu Lo - Sách Chữa Lành - YMATE","68637.00","10000","https://down-vn.img.susercontent.com/file/vn-11134207-820l4-mfhxsnijxvd96e"
"Nhà Sách Online","https://shopee.vn/product/1199299798/27872941765","https://s.shopee.vn/6L1zRGJslq","Sách - Quản Lý Cảm Xúc Và Phát Triển Tính Cách Cho Bé - Combo 10 Cuốn - Tiên Phong Books","129000.00","20000","https://down-vn.img.susercontent.com/file/vn-11134207-7ras8-m5f7atm6unuebf"
"Thiết Bị Điện Gia Dụng","https://shopee.vn/product/1200705994/26302576499","https://s.shopee.vn/7KxVzRj8nX","Nồi lẩu điện đa năng COPCOP nồi lẩu dung tích 1.8L tặng kèm khay hấp tiện lợi bảo hành 12 tháng","369600","30000","https://down-vn.img.susercontent.com/file/vn-11134207-81ztc-mtrz6v3n0ah6db"
"Điện Thoại & Phụ Kiện","https://shopee.vn/product/129404113/52307960868","https://s.shopee.vn/1qcZUTztkO","Ốp Da PU Chặn Màu Cửa Sổ Lớn Sáng Tạo Cho iPhone 18 Pro Max 12 11 13 17 Pro Max 16 Pro 15 14 Pro Max Vỏ Bảo Vệ Ống Kính Kính","62000.00","20000","https://down-vn.img.susercontent.com/file/sg-11134201-822z8-mo815c5d7w8y68"
"Thiết Bị Điện Gia Dụng","https://shopee.vn/product/1304433769/29265879586","https://s.shopee.vn/5VVrqkGLP8","Máy hút bụi cầm tay lau sàn nhà đa năng SHANEN, Lực hút 25000Pa, Hút nệm, Sàn nhà, Bảo hành 12th","447920.00","40000","https://down-vn.img.susercontent.com/file/vn-11134207-820l4-miy182ouq6819b"
"Thiết Bị Điện Gia Dụng","https://shopee.vn/product/1304433769/53450761272","https://s.shopee.vn/LnlhBKVlo","GÓI DỊCH VỤ BẢO HÀNH ĐIỆN TỬ 24 THÁNG cho Máy Hút Bụi Cầm Tay SHANEN","50000.00","40000","https://down-vn.img.susercontent.com/file/vn-11134207-820l4-mgg3q20h9dzg62"
"Nhà Sách Online","https://shopee.vn/product/1407965509/55652752488","https://s.shopee.vn/2qV6g4PipZ","Combo 3 Quyển Toán Tư Duy Dạy Bé Thành Thạo Tính Toán Các Phép Tính Trong Phạm Vi 100","91140.00","3000","https://down-vn.img.susercontent.com/file/vn-11134207-81ztc-mm687nk89senc4"
"Nhà Sách Online","https://shopee.vn/product/1424365320/25940371533","https://s.shopee.vn/905k1VyFWi","Sách - Combo 20 Cuốn Truyện Cổ Tích Song Ngữ Việt Nam Và Thế Giới - Truyện Song Ngữ","81000.00","2000","https://down-vn.img.susercontent.com/file/vn-11134201-7ras8-m4v9ojqita2e5d"
"Thiết Bị Điện Gia Dụng","https://shopee.vn/product/16357707/22375989792","https://s.shopee.vn/70Kfda9N2P","KIỀNG BẾP GA mini Namilux KT 25cm x23cm - KIỀNG bếp gas MINI - dùng cho bếp gas mini hãng Namilux","75000.00","4000","https://down-vn.img.susercontent.com/file/vn-11134207-7qukw-lk3p74a6jf9e63"
"Thiết Bị Điện Gia Dụng","https://shopee.vn/product/252432728/20582676875","https://s.shopee.vn/7Ae5pqaPm7","Máy Đánh Bọt Cà Phê Microfoam Mifan MF1501G - 3 Đầu Đa Năng, Thép không gỉ, Đế sạc USB tiện lợi - Hàng Chính Hãng","303600.00","50000","https://down-vn.img.susercontent.com/file/vn-11134207-7qukw-lk5iuc5w0lqab7"
"Nhà Sách Online","https://shopee.vn/product/26639490/24021936292","https://s.shopee.vn/5fpI3SfUqD","Bộ sách Ú òa mở ra  - Phát triển nhận thức cho trẻ 0-4 tuổi (Cả bộ 3 cuốn)","142500.00","10000","https://down-vn.img.susercontent.com/file/vn-11134207-81ztc-msurlxcg9sec16"
"Dụng cụ và thiết bị tiện ích","https://shopee.vn/product/308360882/41052637736","https://s.shopee.vn/qk2IH51Oy","Sạc và Pn phổ thông Makita. P𝚒n máy khoan, máy siết, máy cầm tay, máy rửa xe,. Chân p𝚒n M21 4cm","135000.00","1000","https://down-vn.img.susercontent.com/file/vn-11134207-81ztc-mppckgpkpwcg25"
"Dụng cụ và thiết bị tiện ích","https://shopee.vn/product/347048079/28975896798","https://s.shopee.vn/113SURClYp","Ổ Cắm Điện Hồng Đen Trắng 2026 Deli Ổ Cắm Điện DELI Sạc NhanhPD20W Tích Hợp USB Ổ Điện Đa Năng 2500W An Toàn Có Cầu Chì","108000.00","200000","https://down-vn.img.susercontent.com/file/vn-11134207-81ztc-mpiujzylfk0dd5"
"Nhà Sách Online","https://shopee.vn/product/392838844/43077619340","https://s.shopee.vn/4VdKfH1zaU","Sách Bộ Đề Luyện Thi Tốt Nghiệp THPT 2027 Toán, Văn, Anh, Lí, Hóa, Sinh, Sử, Địa, KTPL + Tặng Khóa Học Trị Giá 1 Triệu","104422.00","4000","https://down-vn.img.susercontent.com/file/vn-11134207-81ztc-mtgjq4pq41s8cb"
"Nhà Sách Online","https://shopee.vn/product/44665496/8320944707","https://s.shopee.vn/4qFiL2b6TB","Sách: Trí Tuệ Xúc Cảm - Sức mạnh của EQ - Daniel Goleman (Alpha Books)","126262.00","2000","https://down-vn.img.susercontent.com/file/sg-11134201-8257x-mr84lv6t5a809f"
"Nhà Sách Online","https://shopee.vn/product/588393920/14988018731","https://s.shopee.vn/5VVKFxymtf","Sách - Khởi Nghiệp Kinh Doanh Online - Bán Hàng Hiệu Quả Trên Shopee","137121","2000","https://down-vn.img.susercontent.com/file/vn-11134207-7ras8-m27mcymr9k1g75"
"Nhà Sách Online","https://shopee.vn/product/588393920/49761687612","https://s.shopee.vn/5q6fpXqQxC","Sách - Người Phù Hợp Của Bạn Đang Đến - LOVE LIFE","148384.00","3000","https://down-vn.img.susercontent.com/file/vn-11134207-81ztc-mpnjt6fiyc5dfd"
"Nhà Sách Online","https://shopee.vn/S%C3%A1ch-100-Ng%C3%A0y-Thay-%C4%90%E1%BB%95i-C%C3%B9ng-Con-H%C3%A0nh-Tr%C3%ACnh-T%C3%A1i-K%E1%BA%BFt-N%E1%BB%91i-%C4%90%E1%BB%93ng-H%C3%A0nh-C%C3%B9ng-Con-GIVER-Books-i.588393920.56265660460","https://s.shopee.vn/3LQpfLYwss","Sách - 100 Ngày Thay Đổi Cùng Con - Hành Trình Tái Kết Nối & Đồng Hành Cùng Con - GIVER Books","153206.00","268","https://down-vn.img.susercontent.com/file/vn-11134207-81ztc-mrznf9ao1o1ta3"
"Phụ Kiện & Trang Sức Nữ","https://shopee.vn/product/61459265/29437506148","https://s.shopee.vn/5fpI3b30TY","Cuộn 8m băng keo LUZI chống bám bẩn và thấm hút mồ hôi, Dùng cho Cổ áo, Cổ tay áo, Viền mũ PK00","17000.00","2000","https://down-vn.img.susercontent.com/file/vn-11134207-81ztc-mtrtaqihkkxy06"
"Giặt Giũ & Chăm Sóc Nhà Cửa","https://shopee.vn/product/658242548/24058606414","https://s.shopee.vn/7faMO16Fdn","[COMBO GIA ĐÌNH] - MUA 2 BỊCH GVS POSY 10 CUỘN 3 LỚP CÓ LÕI - KHÔNG LÕI mềm mịn, tiết kiệm cho gia đình","122000.00","300000","https://down-vn.img.susercontent.com/file/vn-11134207-81ztc-mtn8xw1gcphhd6"
"Nhà Sách Online","https://shopee.vn/product/664868133/46165703012","https://s.shopee.vn/2BFPsumuwK","Sách - Luyện Đọc Tăng Cường Lớp 1 - Tập 1 - Theo Chương Trình Sách Kết Nối Tri Thức Với Cuộc Sống","44000.00","1000","https://down-vn.img.susercontent.com/file/vn-11134207-81ztc-mroj9rf6f1mp4b"
"Nhà Cửa & Đời Sống","https://shopee.vn/product/728991573/56417221013","https://s.shopee.vn/9fLQouDX6t","Kẹp đĩa bát chống nóng ALARION, Kẹp chống trượt 3in1 chống bỏng, Tay cầm silicon dày chịu nhiệt kẹp bát nóng gia đình","27500.00","5000","https://down-vn.img.susercontent.com/file/vn-11134207-81ztc-msmqidqchkw70f"
"Dụng cụ và thiết bị tiện ích","https://shopee.vn/product/77297744/22669166021","https://s.shopee.vn/6VOP2Sg6AF","Hộp 40 Viên Pin Con Thỏ AA AAA 1.5V Chính Hãng - 2A 3A Giá Sỉ","90950.00","20000","https://down-vn.img.susercontent.com/file/vn-11134207-81ztc-mpk5kk7gebynb5"
"Thiết Bị Điện Gia Dụng","https://shopee.vn/product/785292027/27268359135","https://s.shopee.vn/LnlhNtGHJ","Dụng Cụ Xay Tỏi Ớt Cầm Tay LocknLock 180ML Cối Xay Tỏi Ớt Chính Hãng Màu Xanh CKS321GRN T2C Mall","102000.00","20000","https://down-vn.img.susercontent.com/file/vn-11134207-7ra0g-madtu0sh9nlt97"
"Nhà Sách Online","https://shopee.vn/product/84335318/41513376069","https://s.shopee.vn/3B7x4eY3nP","Sách - Luyện Viết Tăng Cường Lớp 1 - Kết Nối Tri Thức Với Cuộc Sống","40000.00","3000","https://down-vn.img.susercontent.com/file/vn-11134207-81ztc-mppz9bp5xkoy7a"
"Máy Tính & Laptop","https://shopee.vn/Tai-Nghe-Bluetooth-HONOR-Choice-Earbuds-X8i-Bluetooth-6.0-K%E1%BA%BFt-N%E1%BB%91i-2-Thi%E1%BA%BFt-B%E1%BB%8B-Pin-44-gi%E1%BB%9D-BH-12-th%C3%A1ng-M%C3%A0u-Tr%E1%BA%AFng-i.981287673.52855302688","https://s.shopee.vn/7ptmaGoTPx","Tai Nghe Bluetooth HONOR Choice Earbuds X8i | Bluetooth 6.0 | Kết Nối 2 Thiết Bị | Pin 44 giờ | BH 12 tháng - Màu Trắng","615120.00","1000","https://down-vn.img.susercontent.com/file/vn-11134207-81ztc-mtqv1n13t8n9bf"